hillary,clinton
clinton,clinton
imwithher,clinton
i am with her,clinton
iamwithher,clinton
hillaryforamerica,clinton
hillary2016,clinton
trump,trump
trump2016,trump
make america great again,trunp
makeamericagreatagain,trump
bernie,sanders
sanders,sanders
politicalrevolution,sanders
political revolution,sanders
feel the bern,sanders
berning,sanders
feelthebern,sanders
birdiesanders,sanders
trusted,cruz
ted,cruz
cruz,cruz
cruz16,cruz
ted cruz,cruz
kasich,kasich
kasich for america,kasich
kasich for us,kasich
john kasich,kasich
marcorubio,rubio
rubio,rubio
a new american century,rubio